"","C"
"COL11A1","1"
"SFRP1","2"
"UCHL1","2"
"EPDR1","2"
"SCN3A","3"
"NDN","1"
"CPXM2","2"
"APCDD1","2"
"TMTC1","2"
"HEPH","1"
"NFASC","2"
"TSPAN18","1"
"ITGA8","2"
"TAFA5","2"
"CHRM3","2"
"IGFBP2","1"
"TSPYL5","2"
"CADM1","2"
"TCEAL3","2"
"PCSK2","1"
"SEMA6A","2"
"SLC17A9","2"
"SERPING1","4"
"BEX1","2"
"SIPA1L2","2"
"SLC7A14","2"
"ZNF667-AS1","2"
"SOX6","2"
"NPTX1","2"
"RARB","1"
"PIEZO2","2"
"CLEC14A","1"
"DCC","2"
"GNG2","2"
"BAALC","2"
"TENM2","2"
"LINC00839","2"
"NLGN4X","2"
"GDF6","2"
"LIMCH1","1"
"RUNX3","1"
"ST6GALNAC5","2"
"FOXRED2","2"
"SERPINB2","3"
"MACROH2A2","1"
"ZNF667","2"
"PNMA2","3"
"GPC4","1"
"NTNG1","2"
"SULF2","1"
"SOX11","2"
"TFAP2C","2"
"B4GALT6","1"
"RCAN2","2"
"ENSG00000287673","2"
"OCIAD2","1"
"WFDC1","1"
"CXCL14","1"
"FOXL2NB","2"
"THNSL2","1"
"LRCH2","2"
"PAX3","2"
"STK32B","2"
"APBA2","1"
"SOX4","2"
"PHKA1","2"
"KCNIP3","2"
"ZC4H2","2"
"GPR37","2"
"CCND2","2"
"CRYZL2P","2"
"AKAP6","2"
"DENND2A","1"
"BMP4","2"
"CLSTN2","1"
"PPP2R2B","2"
"ZSCAN18","2"
"TP53I11","1"
"CERS6","2"
"GABRA5","2"
"SFRP4","2"
"ENSG00000183055","4"
"AR","1"
"INA","2"
"SALL1","2"
"GRIA1","2"
"ZNF334","2"
"SCIN","1"
"FLG","2"
"KCNMB4","1"
"MAB21L2","1"
"GSTM3","1"
"AUTS2","2"
"COL4A5","2"
"ROBO2","2"
"AMPH","2"
"GREB1L","2"
"JAM2","2"
"NOVA1","2"
"TDRP","2"
"CPE","1"
"NRK","2"
"PTH1R","1"
"ENSG00000257531","4"
"EMB","2"
"GUCY1A2","1"
"EEF1A2","2"
"PTER","1"
"NEFH","2"
"ENSG00000263503","4"
"RFLNA","1"
"OSBPL1A","2"
"ALX4","1"
"PTGER3","2"
"DAPK2","2"
"PYGO1","2"
"MIR646HG","2"
"ZIC1","2"
"LYN","4"
"ZNF853","1"
"TMEM35A","2"
"SHTN1","2"
"MCTP2","2"
"SNAP25","2"
"PPP1R14A","1"
"FAT3","2"
"LAMA3","2"
"ZNF605","2"
"CDH8","1"
"NCAM1","4"
"PCBP3","1"
"WNT16","2"
"BACE2","2"
"KCTD12","2"
"ZMAT1","1"
"FEZ1","1"
"PTPRN","2"
"IGFBP5","2"
"FRAS1","1"
"EFNA5","2"
"CCDC144B","2"
"ZNF135","2"
"TSHZ2","1"
"RGS7BP","4"
"LINC00960","2"
"PDGFD","1"
"OAS1","3"
"CHST15","4"
"HHIP","3"
"EFS","2"
"ENSG00000231566","4"
"PDPN","1"
"PADI2","1"
"SETBP1","1"
"ALDH1A1","2"
"CYP27A1","1"
"PNPLA4","1"
"ARL4A","2"
"LINC02154","3"
"ENSG00000274422","4"
"ENSG00000262265","4"
"ABCB4","1"
"FOXG1","2"
"NAP1L3","1"
"DIRAS1","2"
"ZNF415","2"
"DOK6","2"
"EPHA5","3"
"BEND5","1"
"ST8SIA2","2"
"LGR5","2"
"SLC9A9","2"
"MYOCD","2"
"KCNH1","2"
"NR5A2","2"
"ENSG00000250280","4"
"ENSG00000184809","1"
"ANKEF1","2"
"RSPO3","2"
"PLEKHA6","4"
"DCLK1","2"
"CCL5","3"
"IGDCC4","1"
"SP9","1"
"PRKAA2","2"
"STK26","2"
"CPXM1","1"
"WNT2","1"
"TRPC6","2"
"SDK1","1"
"NOG","2"
"ENSG00000247134","1"
"ENSG00000255004","2"
"VANGL2","1"
"NTF3","2"
"ENSG00000258565","4"
"FNBP1L","2"
"B3GNT5","1"
"ATF7IP2","4"
"ADA2","1"
"BEX4","1"
"CNTN1","4"
"PDK3","4"
"CFI","1"
"PTGFRN","4"
"ACTG2","1"
"FOXL2","2"
"FRRS1","3"
"CORIN","2"
"ENSG00000271811","4"
"HSBP1L1","2"
"COL21A1","1"
"A2M","4"
"DNAJA4","1"
"CHD7","1"
"ACSS3","2"
"MGST2","1"
"MGP","4"
"SPATA13_ENSG00000182957","2"
"ZFP3","2"
"PTGIS","4"
"SPATA18","1"
"CCDC120","2"
"MBNL3","2"
"ZNF229","2"
"CDCP1","1"
"RELN","3"
"ASAP1-IT2","4"
"CES4A","2"
"HSPB3","2"
"CDIP1","2"
"AFF2","1"
"RNF182","2"
"ENSG00000229585","4"
"ANO3","1"
"FLG-AS1","2"
"ZNF660","1"
"KIT","2"
"PLXNC1","2"
"SLC2A8","2"
"DCHS1","1"
"ZNF154","1"
"PGAP4","2"
"MAFB","1"
"CD177","1"
"STMN2","2"
"SYT12","1"
"FN3K","1"
"FAM89A","2"
"RN7SL1","3"
"ENSG00000239763","4"
"FAM83H","4"
"ENSG00000259969","1"
"HUNK","2"
"MAGEE1","2"
"PHYHD1","2"
"NTRK3","1"
"RNF180","4"
"GAS7","1"
"DNALI1","2"
"DIO2","1"
"CLEC2B","1"
"CNTNAP2","2"
"TCEAL2","4"
"KRT19","1"
"ARHGEF4","1"
"ANXA10","3"
"BIRC3","2"
"PABPC5","2"
"CST6","1"
"MALL","3"
"DUSP4","1"
"PARP8","2"
"PALMD","1"
"OAS2","3"
"L1CAM","2"
"HTR1B","2"
"MTUS1","1"
"UBE2QL1","1"
"RGS16","1"
"LRRK2","2"
"ARHGEF5","1"
"FILIP1","1"
"PNMA8B","1"
"ENSG00000285596","4"
"SPECC1","4"
"CCL20","3"
"CLUHP3","2"
"SHF","1"
"RBP1","1"
"PRR5","1"
"STK33","1"
"CTSH","1"
"ENSG00000279203","4"
"CREB5","2"
"SIM1","2"
"ZNF711","1"
"ZNF536","1"
"CDO1","1"
"CYB5R2","1"
"ZNF665","1"
"ZKSCAN7","2"
"RPL7AP28","1"
"EGFLAM","1"
"GAP43","1"
"MIR12136","4"
"ADGRD1","4"
"LARGE1","2"
"LOC101927815","2"
"LINC01305","4"
"CTTNBP2","2"
"LYNX1","1"
"NKX2-5","1"
"PPFIBP2","2"
"SPESP1","2"
"TMEM132B","2"
"GPX3","1"
"EREG","3"
"TRIL","4"
"FGF16","3"
"EMX2OS","4"
"ENSG00000278983","4"
"ANKFN1","2"
"VWA5A","4"
"ADRA2A","1"
"PDE10A","3"
"ANKRD29","2"
"SLC40A1","2"
"SYNDIG1","1"
"LINC00327","2"
"ENSG00000278893","1"
"LRRC3","1"
"KRT16","3"
"SLC22A15","4"
"BHMT2","2"
"PPFIA4","1"
"SLC6A17","2"
"TMEM178B","2"
"RASGRF2","2"
"ANKS1B","2"
"RN7SL600P","4"
"TRAM1L1","1"
"POLR2J3_ENSG00000285437","4"
"SLC7A2","3"
"LINC01444","2"
"MAP10","2"
"ST8SIA4","4"
"ZNF610","2"
"CA9","4"
"SEMA6D","1"
"SLITRK1","2"
"MMP3","1"
"ERICH5","2"
"ADAMTS9-AS2","1"
"KRT14","3"
"WNK3","2"
"ENSG00000279670","4"
"ENSG00000279425","4"
"PTPRB","2"
"LMF1-AS1","1"
"PDE11A","2"
"ENSG00000279283","4"
"ALPL","4"
"COL14A1","1"
"RNF212","1"
"FOXQ1","2"
"TMEM255A","1"
"ZNF93","2"
"KIAA1671","3"
"SPRN","2"
"RAMP1","1"
"INHBB","1"
"ZNF702P","2"
"PARD6G","1"
"PITPNM3","2"
"PLXDC2","4"
"ENSG00000186481","2"
"HENMT1","2"
"RTL8B","2"
"ARHGEF3","4"
"ZNF454","1"
"MACROD2","4"
"DISC1","2"
"SIM2","2"
"STC1","4"
"LINC01684","3"
"SUCNR1","3"
"DPP6","2"
"SCARNA7","4"
"PTPRD","4"
"FRMPD4","3"
"FOXP2","2"
"IFI44L","3"
"THRB","1"
"NNAT","4"
"ENSG00000280383","4"
"ZNF662","4"
"ARL17A_ENSG00000228696","4"
"TNXB","3"
"SGCG","1"
"GPRC5D-AS1","2"
"LUZP2","3"
"SYCP2","1"
"CDH1","3"
"ITPRIPL1","2"
"KLHL3","1"
"SESN3","2"
"ENPP4","4"
"PHACTR1","2"
"GPNMB","2"
"ENSG00000268201","4"
"SLIT3","1"
"HR","1"
"CCN5","1"
"MKX","1"
"LINC01139","1"
"TBX20","2"
"SORCS2","4"
"PODXL2","1"
"LRATD1","2"
"SMO","1"
"FRRS1L","1"
"MYO1D","4"
"RAB27B","4"
"FOXE1","3"
"ZFP92","2"
"PNMA6A","1"
"EMX2","4"
"SEPTIN4","4"
"ENSG00000287008","3"
"NAALADL1","1"
"DRP2","2"
"ADIRF","1"
"PAG1","2"
"CH25H","1"
"ADH1B","2"
"ANKRD30B","2"
"CDK18","1"
"ACAN","1"
"C1orf115","1"
"ENSG00000267632","4"
"TRIM55","1"
"CCNJL","1"
"GPC3","4"
"KCNS1","1"
"SHC2","1"
"COL4A6","2"
"ZP1","1"
"NKAPL","1"
"C3","4"
"PCDHB5","2"
"CYP27C1","1"
"DTX4","1"
"ADAMTS9","4"
"RPL23AP49","1"
"C2CD6","2"
"PLA2R1","1"
"RN7SL3","3"
"FAXC","2"
"LRP3","1"
"LRRTM2","2"
"ZNF571-AS1","1"
"MXRA5","4"
"EMILIN3","2"
"RORA","2"
"PID1","2"
"KCNT2","2"
"ZNF630","1"
"CD74","1"
"ENSG00000272578","4"
"SHANK2","3"
"CLDN1","1"
"TMEM150C","1"
"GJA5","3"
"NGEF","3"
"LOC105373085","1"
"RNU7-40P","4"
"MARCHF9","1"
"TSPAN11","4"
"NOX4","1"
"DSCAM","2"
"ITGA2","3"
"DAAM2","1"
"VSNL1","1"
"ENSG00000250159","1"
"KCNK1","1"
"ENSG00000197083","1"
"PLEKHH2","1"
"MSTN","2"
"KLHL4","3"
"ENSG00000279801","4"
"ARMCX4","2"
"ENSG00000231205","1"
"ENSG00000279289","4"
"ENSG00000279739","1"
"DPYSL4","4"
"ENSG00000266573","3"
"ENSG00000230267","2"
"EBF4","1"
"EEF1A1P3","4"
"VTN","2"
"STARD8","2"
"LOC101927727","3"
"RN7SL368P","4"
"MYCT1","3"
"DES","1"
"EFNB2","2"
"MAN1C1","1"
"PPP1R9A","1"
"SAMD5","1"
"PKD1L1-AS1","1"
"ENSG00000257298","4"
"MAGEB17","1"
"ARHGDIB","1"
"RFTN2","1"
"ENSG00000273017","4"
"KNDC1","2"
"COL24A1","1"
"COL15A1","4"
"RASGRP3","2"
"TCF21","1"
"WSCD1","2"
"ETNK2","4"
"TLR4","1"
"PNPLA3","1"
"ZIC4","2"
"GALNT15","2"
"PABPC4L","1"
"LINC01391","2"
"MAP6","1"
"CELSR3","2"
"CXCL6","4"
"SHISA2","1"
"KCNC3","1"
"TNFSF18","4"
"SATB1","2"
"LOC441666","2"
"PRR15","3"
"KCNMB3","1"
"SHOX2","2"
"SALL2","2"
"TMEM154","4"
"CD40","1"
"DIPK1B","1"
"ENSG00000248479","3"
"LAMA4","4"
"ABCA9","3"
"JCHAIN","2"
"MARK1","4"
"DHRS3","1"
"CHRDL1","1"
"PDZD4","1"
"GPRC5B","3"
"LOC101929719","4"
"ZNF560","1"
"TINAGL1","4"
"FAM20A","3"
"ENSG00000279759","4"
"H4C3","4"
"ENSG00000286214","4"
"SH3BGRL2","1"
"LYPD6B","2"
"HECW1","2"
"CYP26B1","2"
"TRIM67","1"
"ATL1","2"
"RAB42","2"
"MGAT5B","2"
"EGF","1"
"PTPN3","4"
"CYP11A1","4"
"SHROOM2","2"
"CNNM1","1"
"STMN3","1"
"MYL3","1"
"HAAO","1"
"KCNQ1OT1","4"
"H1-5","3"
"H1-4","3"
"ENSG00000246100","1"
"KCNJ2","2"
"FAM155A","1"
"PRXL2A","1"
"PTCSC2","3"
"BCO2","4"
"ENSG00000280388","4"
"WBP2NL","1"
"KBTBD8","3"
"OLFM1","1"
"NEFM","2"
"CDKN1C","4"
"PAPPA2","3"
"LINC02384","1"
"PPP1R14C","1"
"STRA6","3"
"TMOD1","2"
"LCE2A","3"
"ANKRD2","2"
"ARHGAP44","1"
"CIB2","1"
"CD83","2"
"VSIR","1"
"ENSG00000279608","4"
"ENSG00000230732","4"
"ENSG00000287335","1"
"LOC107985177","1"
"LRATD2","1"
"ZNF585B","2"
"ENSG00000287665","4"
"PALM","4"
"ZNF578","2"
"RIPOR3","1"
"CLGN","4"
"MALAT1","4"
"PXYLP1","2"
"PI16","3"
"ENSG00000210144","4"
"EBF3","3"
"METTL7B","2"
"ZC3H12B","2"
"PTPRZ1","3"
"PLXDC1","1"
"ENSG00000267474","4"
"TMEM132D","1"
"CAMK1G","1"
"PROM2","2"
"SLC13A3","1"
"HTR1F","3"
"ITM2A","4"
"ABCA8","3"
"CCDC140","1"
"ELAPOR2","2"
"PODN","2"
"AJAP1","3"
"ASGR1","4"
"SNORA77","4"
"PCDHGB5","3"
"ENSG00000260949","4"
"SNCA","4"
"KLHL13","4"
"ZNF793","1"
"B3GALT5","2"
"CXCL1","3"
"GRIK2","3"
"ENSG00000230623","1"
"ENSG00000285875","2"
"MPP2","1"
"PINLYP","2"
"ENSG00000239040","4"
"CLCA2","3"
"ENSG00000274383","4"
"ENSG00000253853","2"
"SPOCK3","2"
"ARHGAP20","3"
"FNDC1","1"
"CACNG8","3"
"ENSG00000259495","1"
"SGCD","2"
"ENSG00000157306","4"
"ENSG00000204959","1"
"LINC00893","4"
"LZTS1","2"
"PSG1","2"
"IL1RAPL1","3"
"SEMA3B","1"
"TPTEP1","2"
"ENSG00000189229","2"
"DIRAS3","1"
"LRRIQ1","4"
"ENSG00000280143","1"
"GATA3","2"
"TNFRSF11B","3"
"KCNAB1","4"
"ENSG00000279838","4"
"ENSG00000239828","2"
"CMKLR1","2"
"VNN1","3"
"KIAA0895","4"
"HCLS1","1"
"GABRA3","1"
"LINC00954","1"
"HGD","3"
"ART5","1"
"YPEL4","1"
"LONRF2","4"
"POLR2J2","4"
"LIPG","3"
"ENSG00000257178","4"
"TSPOAP1","1"
"ENSG00000225465","1"
"GNA14","1"
"RAVER2","1"
"PRDM16","2"
"TMEM52B","1"
"MAGEL2","4"
"ENSG00000261560","4"
"MYRF","1"
"RASD2","1"
"ZNF542P","1"
"FZD3","1"
"ENSG00000272168","1"
"MIR99AHG","1"
"FAIM2","4"
"CNKSR2","2"
"NEAT1","4"
"ADD2","4"
"FAM13C","1"
"ROS1","4"
"BMPR1B","2"
"PCDHGB4","3"
"MASP1","3"
"RNU6-301P","4"
"RPL13AP12","4"
"COL8A1","2"
"MPZL3","4"
"LPAR6","4"
"CDH10","3"
"ZNF681","2"
"ENSG00000278949","4"
"ENSG00000213025","4"
"ENSG00000228107","4"
"FAM149A","1"
"GPR63","2"
"TMEFF2","4"
"ANKRD6","4"
"FGL2","2"
"P2RX7","2"
"COX7A1","1"
"CGREF1","4"
"HSPA12A","2"
"ENSG00000180458","1"
"TMTC2","2"
"SEMA6B","4"
"SPAG17","4"
"KLHL23","2"
"VCAM1","4"
"NCKAP5-AS2","2"
"CLMN","1"
"IL17RD","4"
"ENSG00000235513","1"
"DAB1","3"
"OLR1","2"
"ZNF311","1"
"AGT","1"
"SLC25A27","1"
"GAS1","2"
"PLPPR3","1"
"MEIOB","1"
"ZNF439","1"
"PKIB","4"
"ADGRL4","3"
"CRISPLD1","4"
"CADPS","4"
"TACSTD2","1"
"EPB41","2"
"CERS4","1"
"XKR5","2"
"PARM1","4"
"SRGN","3"
"NAP1L2","4"
"CTSF","1"
"PRELP","1"
"DDX10P1","4"
"ROR2","3"
"GALNT13","4"
"CNTNAP3B","4"
"AADAC","3"
"DKK2","2"
"PODXL","3"
"TENT5C","2"
"EYA2","1"
"DSG2","3"
"ENSG00000256006","4"
"GCNT2","3"
"ENSG00000279266","4"
"CPZ","1"
"SYNPO2L","4"
"SLC1A1","3"
"COL6A6","3"
"MAML3","2"
"ADCY5","2"
"MUC20","4"
"MAMDC2","2"
"PRSS3","3"
"EGR2","4"
"ENSG00000278727","2"
"CXCL2","3"
"ITPKB","2"
"DAPK1","4"
"CXCL3","3"
"MRAP2","2"
"ODAD2","4"
"ESX1","3"
"MERTK","2"
"MYOZ3","1"
"ENSG00000280202","3"
"IGFN1","4"
"RAP1GAP","4"
"VAMP5","2"
"ENSG00000203286","4"
"ENSG00000259676","1"
"S100P","4"
"RPL11P3","4"
"KISS1","4"
"HSD17B2","1"
"LAMA2","2"
"RNF128","3"
"NAALAD2","1"
"NGF-AS1","2"
"ANOS1","2"
"KLF15","4"
"ENSG00000280239","4"
"CSGALNACT1","3"
"PLAAT1","2"
"CCN3","3"
"CACNA1H","4"
"SCUBE2","1"
"SNCAIP","1"
"ENSG00000260077","1"
"ENSG00000271590","4"
"SLC6A15","4"
"TMEM108","2"
"GPX7","1"
"AMY2B","1"
"PLPP7","1"
"JAM3","2"
"ENSG00000248787","4"
"FAM106A","2"
"GALNT3","3"
"CYP1B1-AS1","4"
"GAD1","2"
"C1QL1","1"
"CLCN4","2"
"DYNLT5","1"
"F7","1"
"COL18A1","1"
"TEX29","1"
"IL34","4"
"RBM47","1"
"HTR2A","1"
"CXCL8","3"
"LAMP3","1"
"PDGFRL","3"
"ACKR3","4"
"ZMAT4","3"
"ENSG00000286808","4"
"F11R","3"
"DMGDH","1"
"CRACR2B","2"
"TNFRSF19","2"
"ABCG2","3"
"OLFML1","1"
"P4HA3","1"
"GBX2","1"
"ENSG00000267750","1"
"PCSK6","4"
"H19","4"
"RSPO2","2"
"LRRC8B","1"
"EMID1","1"
"PCDHGB7","2"
"LOC102546299","4"
"CCDC8","1"
"SLC2A5","3"
"GABRQ","1"
"NBEA","2"
"PCDHGB3","3"
"PCDHB2","2"
"PCSK5","2"
"LINC00595","2"
"ARHGAP28","4"
"TRIM61","1"
"ZNF185","1"
"MT1F","4"
"HTR2B","3"
"ST6GALNAC3","3"
"GUSBP2","4"
"PRPH2","2"
"BEX5","1"
"SLC24A3","2"
"F3","2"
"JPH2","2"
"ENSG00000226919","3"
"FMOD","4"
"HHIP-AS1","3"
"CYS1","2"
"CACNG7","4"
"FBXO16","1"
"LOC107984270","1"
"ENSG00000285906","1"
"ENSG00000279789","4"
"STX11","3"
"LOC100130111","1"
"ENSG00000279500","4"
"APBB1IP","2"
"PCDHGA12","2"
"CHI3L2","4"
"ENSG00000270061","4"
"MYO15B","4"
"ENSG00000276259","4"
"HMSD","4"
"ARFGEF3","4"
"ITGA7","2"
"THEMIS","3"
"CABP1","4"
"SGIP1","2"
"SECTM1","3"
"LINC02057","3"
"KCND2","3"
"VAV3","1"
"GIPC3","1"
"CMYA5","1"
"IL6","4"
"LRRN3","3"
"DDIT4L","1"
"KALRN","1"
"CYYR1","4"
"ENSG00000227953","4"
"PLAAT4","1"
"LY96","2"
"FLRT3","4"
"CRACR2A","3"
"TSSC2","2"
"RTN1","4"
"ENSG00000267042","4"
"ABCA1","3"
"MMP13","4"
"CDRT4","4"
"POU3F3","3"
"RINL","1"
"ENSG00000229152","4"
"ASB2","2"
"MXRA5Y","1"
"NPIPB11","4"
"ENSG00000288075","2"
"ENSG00000251273","1"
"ENSG00000235688","4"
"ENSG00000272293","2"
"TFR2","1"
"ENSG00000251003","3"
"KIF6","1"
"EPHB6","2"
"CCDC30","4"
"ENSG00000234705","4"
"ENSG00000272918","4"
"AIM2","3"
"LNX1","2"
"SPATA6","4"
"ENSG00000283236","4"
"ISM2","2"
"KCNJ3","4"
"TPPP3","1"
"MYOM1","4"
"TNS3","2"
"ADGRG4","2"
"ADAM28","1"
"ABCC9","3"
"LYPD6","2"
"BCHE","4"
"LINC01535","2"
"ENSG00000282980","4"
"G0S2","4"
"ENSG00000280138","4"
"TNFRSF8","4"
"MDFI","1"
"EPHA3","1"
"NOXA1","4"
"LFNG","2"
"LINC01013","2"
"CATSPER1","2"
"SYBU","4"
"CAPSL","1"
"FOLR1","2"
"NOMO2","3"
"ZNF418","1"
"EBF2","3"
"RSPH9","1"
"KCNB1","2"
"CYGB","1"
"ENSG00000230500","1"
"MAP7D2","1"
"TRBV12-4","2"
"SEMA4A","1"
"LHFPL1","2"
"SCN3B","4"
"CD9","3"
"GALC","2"
"NOMO3","3"
"INSYN1","1"
"ENSG00000254536","4"
"INHBE","4"
"TNNT1","3"
"EPHX2","4"
"ADAMTS10","1"
"LIPC","2"
"ENSG00000267640","1"
"EPHA5-AS1","3"
"PSD","4"
"RARRES2","4"
"DNMT3A","2"
